"","region","mean_noc"
"1","E",0.0168806945189659
"2","EM",0.0170869296849999
"3","L",0.0214089659506049
"4","NE",0.0158480869477344
"5","NW",0.0190093026762163
"6","SE",0.0159353249358946
"7","SW",0.016823397591113
"8","WM",0.0176488153448852
"9","YH",0.0178380712160671
